symptom_text,condition,urgency
irregular periods weight gain hair fall acne,PCOS,yellow
missed periods oily skin facial hair growth,PCOS,yellow
periods late every month difficulty losing weight,PCOS,yellow
acne on chin jaw thinning hair on scalp,PCOS,yellow
no period excess body hair sugar cravings,PCOS,yellow
heavy bleeding periods last more than 7 days tired,Fibroids,yellow
large clots during period bloating pelvic pressure,Fibroids,yellow
heavy periods frequent urination pressure lower abdomen,Fibroids,yellow
periods getting heavier back pain during periods,Fibroids,yellow
extremely painful periods pain during sex infertility,Endometriosis,red
pain lower back during periods bowel issues fatigue,Endometriosis,red
period pain starts before period begins pain in legs,Endometriosis,red
severe cramps not relieved by painkillers,Endometriosis,red
always tired cold hands feet hair thinning,Hypothyroidism,yellow
brain fog dry skin constipation slow heart rate,Hypothyroidism,yellow
unexplained weight gain puffy face depression,Hypothyroidism,yellow
fatigue pale skin dizziness short of breath,Anaemia,yellow
heavy periods always feeling weak dizzy,Anaemia,yellow
headache cold hands yellowish skin lack of energy,Anaemia,yellow
irregular periods hot flashes mood swings age 45,Perimenopause,green
periods becoming irregular night sweats trouble sleeping,Perimenopause,green
missed periods feeling anxious irritable vaginal dryness,Perimenopause,green
periods irregular weight gain hair fall tired,PCOS,yellow
very heavy bleeding clots exhausted all the time,Fibroids,yellow
terrible period pain cant do daily activities,Endometriosis,red
always cold weight gain forgetful slow,Hypothyroidism,yellow
dizzy weak pale always tired breathless,Anaemia,yellow
hot flashes sleep problems mood changes older age,Perimenopause,green